City_ID,City,Country,Date,Lat,Lng,Max Temp,Humidity,Cloudiness,Wind Speed
0,Vaini,TO,2022-11-19 18:03:37,-21.2,-175.2,76.77,74,20,8.52
1,Punta Arenas,CL,2022-11-19 18:03:38,-53.15,-70.9167,53.71,35,20,34.52
2,Kapaa,US,2022-11-19 18:03:38,22.0752,-159.319,76.1,86,20,17.27
3,Cabo San Lucas,MX,2022-11-19 18:03:39,22.8909,-109.9124,80.62,63,75,2.3
4,Zhezkazgan,KZ,2022-11-19 18:03:39,47.8043,67.7144,30.11,70,100,1.95
5,Paamiut,GL,2022-11-19 18:03:40,61.994,-49.6678,25.36,87,94,6.98
6,New Norfolk,AU,2022-11-19 18:02:00,-42.7826,147.0587,55.92,90,100,2.48
7,Ushuaia,AR,2022-11-19 18:01:48,-54.8,-68.3,52.03,49,33,10.96
8,Georgetown,MY,2022-11-19 17:59:18,5.4112,100.3354,78.89,94,40,2.3
9,Sept-Iles,CA,2022-11-19 17:59:02,50.2001,-66.3821,26.06,65,40,8.05
10,Bredasdorp,ZA,2022-11-19 18:01:41,-34.5322,20.0403,59.41,71,1,7.38
11,Dikson,RU,2022-11-19 18:01:58,73.5069,80.5464,-16.2,99,62,3.24
12,Cayenne,GF,2022-11-19 18:00:08,4.9333,-52.3333,87.84,58,90,11.5
13,Grand-Lahou,CI,2022-11-19 18:03:41,5.1367,-5.0242,79.07,77,40,3.51
14,Atuona,PF,2022-11-19 18:03:42,-9.8,-139.0333,76.84,74,28,10.29
15,Las Vegas,US,2022-11-19 17:58:53,36.175,-115.1372,52.61,21,0,7.0
16,Presidente Epitacio,BR,2022-11-19 18:03:42,-21.7633,-52.1156,96.42,24,0,8.37
17,Beringovskiy,RU,2022-11-19 18:03:43,63.05,179.3167,11.25,82,100,15.79
18,Homer,US,2022-11-19 18:03:43,59.6425,-151.5483,39.79,80,40,10.0
19,Castro,BR,2022-11-19 18:01:59,-24.7911,-50.0119,77.58,41,0,0.63
20,Jamestown,US,2022-11-19 18:00:48,42.097,-79.2353,27.18,46,72,11.99
21,Rikitea,PF,2022-11-19 18:01:45,-23.1203,-134.9692,70.32,69,92,10.56
22,Kushima,JP,2022-11-19 18:03:44,31.4583,131.2333,59.63,92,100,7.72
23,Leningradskiy,RU,2022-11-19 18:03:44,69.3833,178.4167,-10.46,98,64,8.72
24,Bluff,NZ,2022-11-19 18:01:15,-46.6,168.3333,51.84,94,59,8.57
25,Pereslavl-Zalesskiy,RU,2022-11-19 18:03:45,56.7393,38.8563,24.55,92,100,12.77
26,Sabang,ID,2022-11-19 18:03:46,5.8933,95.3214,81.46,78,100,16.75
27,Chenzhou,CN,2022-11-19 18:03:46,25.8,113.0333,58.55,94,90,1.25
28,Bolshaya Dzhalga,RU,2022-11-19 18:03:47,45.9695,42.6966,53.71,79,100,12.55
29,Qaanaaq,GL,2022-11-19 18:02:07,77.484,-69.3632,-6.05,60,50,7.83
30,Lebu,CL,2022-11-19 18:03:47,-37.6167,-73.65,58.62,60,69,17.22
31,Krasnokamsk,RU,2022-11-19 18:03:47,58.0802,55.7541,1.56,97,28,1.41
32,Los Llanos De Aridane,ES,2022-11-19 18:01:32,28.6585,-17.9182,67.75,69,75,20.71
33,Bundaberg,AU,2022-11-19 18:03:48,-24.85,152.35,75.22,81,8,5.99
34,Hobyo,SO,2022-11-19 18:03:48,5.3505,48.5268,81.48,73,3,11.34
35,Monzon,ES,2022-11-19 18:03:49,41.9108,0.1941,49.77,58,1,11.86
36,Mataura,NZ,2022-11-19 18:01:46,-46.1927,168.8643,52.81,90,92,2.46
37,Punta Alta,AR,2022-11-19 18:03:50,-38.8759,-62.0736,90.54,30,2,4.29
38,Port Elizabeth,ZA,2022-11-19 18:02:47,-33.918,25.5701,63.1,89,0,4.0
39,Ribeira Grande,PT,2022-11-19 18:01:54,38.5167,-28.7,64.8,94,75,13.8
40,Sayyan,YE,2022-11-19 18:03:50,15.1718,44.3244,54.54,34,4,3.69
41,Kindu,CD,2022-11-19 18:03:51,-2.95,25.95,71.06,96,97,1.21
42,Nandigama,IN,2022-11-19 18:03:51,16.7833,80.3,64.83,67,83,4.34
43,Longyearbyen,SJ,2022-11-19 18:01:10,78.2186,15.6401,37.24,87,75,11.5
44,Saint-Philippe,RE,2022-11-19 18:01:40,-21.3585,55.7679,74.79,76,45,8.52
45,Touros,BR,2022-11-19 18:04:52,-5.1989,-35.4608,83.19,66,97,14.05
46,Bethel,US,2022-11-19 18:01:39,41.3712,-73.414,40.46,51,1,4.0
47,Lyubim,RU,2022-11-19 18:04:52,58.3625,40.6843,20.73,78,5,8.43
48,Kahului,US,2022-11-19 18:00:07,20.8947,-156.47,79.84,85,20,8.99
49,Avarua,CK,2022-11-19 18:04:53,-21.2078,-159.775,75.25,69,47,8.05
50,Tomatlan,MX,2022-11-19 18:04:53,19.9333,-105.25,86.38,54,66,3.94
51,Hermanus,ZA,2022-11-19 18:04:54,-34.4187,19.2345,61.81,75,1,6.49
52,Kaitangata,NZ,2022-11-19 18:01:38,-46.2817,169.8464,52.12,96,100,4.07
53,Pacific Grove,US,2022-11-19 18:04:54,36.6177,-121.9166,64.45,62,0,4.61
54,Lydenburg,ZA,2022-11-19 18:04:55,-25.0978,30.4597,68.83,55,95,1.81
55,Vila Do Maio,CV,2022-11-19 18:04:55,15.1333,-23.2167,79.59,68,93,19.04
56,Nouadhibou,MR,2022-11-19 18:04:56,20.931,-17.0347,71.31,72,1,27.2
57,Quatre Cocos,MU,2022-11-19 18:04:56,-20.2078,57.7625,71.1,66,5,6.82
58,Busselton,AU,2022-11-19 18:01:36,-33.65,115.3333,52.81,88,22,7.27
59,Oroquieta,PH,2022-11-19 18:04:57,8.4858,123.8044,76.17,95,100,1.3
60,Nizwa,OM,2022-11-19 18:04:57,22.9333,57.5333,75.29,36,0,2.59
61,Kuusamo,FI,2022-11-19 18:04:58,65.9667,29.1833,24.84,93,100,2.3
62,Lixourion,GR,2022-11-19 18:04:58,38.2019,20.4314,69.8,88,20,16.11
63,Coxim,BR,2022-11-19 18:00:05,-18.5067,-54.76,105.42,14,1,7.38
64,Lorengau,PG,2022-11-19 18:04:59,-2.0226,147.2712,80.92,71,99,7.61
65,Provideniya,RU,2022-11-19 18:01:47,64.3833,-173.3,26.58,83,100,6.17
66,Kavieng,PG,2022-11-19 18:01:50,-2.5744,150.7967,82.02,70,69,9.42
67,Cherskiy,RU,2022-11-19 18:02:52,68.75,161.3,-9.49,97,100,12.93
68,Victoria,HK,2022-11-19 18:01:22,22.2855,114.1577,77.18,88,99,5.01
69,Abu Dhabi,AE,2022-11-19 18:02:53,24.4667,54.3667,80.71,72,0,3.44
70,Pouebo,NC,2022-11-19 18:05:00,-20.4,164.5667,72.52,85,31,5.5
71,Nyurba,RU,2022-11-19 18:05:00,63.2842,118.3319,1.87,93,100,8.12
72,Hirara,JP,2022-11-19 18:05:00,24.8,125.2833,76.05,74,0,4.12
73,Souillac,MU,2022-11-19 18:02:44,-20.5167,57.5167,73.29,70,8,6.67
74,Raudeberg,NO,2022-11-19 18:05:01,61.9875,5.1352,35.96,58,6,4.61
75,Dejen,ET,2022-11-19 18:05:01,10.1667,38.1333,56.95,40,59,4.76
76,Hobart,AU,2022-11-19 17:57:05,-42.8794,147.3294,56.26,96,100,0.0
77,Port Augusta,AU,2022-11-19 18:05:02,-32.5,137.7667,57.99,56,44,12.55
78,Yanacancha,PE,2022-11-19 18:05:03,-10.2411,-76.6456,54.9,39,100,8.32
79,Airai,TL,2022-11-19 18:05:03,-8.9266,125.4092,61.97,95,100,1.52
80,Mount Isa,AU,2022-11-19 18:05:03,-20.7333,139.5,74.97,78,100,6.91
81,Puerto Ayora,EC,2022-11-19 18:02:03,-0.7393,-90.3518,71.55,92,99,10.0
82,Yellowknife,CA,2022-11-19 17:57:28,62.456,-114.3525,14.56,79,75,8.05
83,Vostok,RU,2022-11-19 18:01:37,46.4856,135.8833,22.53,90,100,5.41
84,Richards Bay,ZA,2022-11-19 18:05:04,-28.783,32.0377,69.37,89,100,18.03
85,Cidreira,BR,2022-11-19 18:01:48,-30.1811,-50.2056,73.45,69,5,21.97
86,Totness,SR,2022-11-19 18:05:05,5.8833,-56.3167,83.08,72,88,10.04
87,Ilulissat,GL,2022-11-19 18:05:06,69.2167,-51.1,10.54,86,99,3.04
88,Ampanihy,MG,2022-11-19 18:05:06,-24.7,44.75,76.59,58,52,6.49
89,Nikolskoye,RU,2022-11-19 18:01:37,59.7035,30.7861,22.91,73,48,7.0
90,East London,ZA,2022-11-19 18:06:07,-33.0153,27.9116,64.4,69,24,14.74
91,Thompson,CA,2022-11-19 18:01:58,55.7435,-97.8558,2.88,82,96,6.82
92,Narsaq,GL,2022-11-19 18:06:07,60.9167,-46.05,26.82,79,100,5.55
93,Hermosillo,MX,2022-11-19 18:01:57,29.0667,-110.9667,72.21,38,0,1.99
94,Acarau,BR,2022-11-19 18:06:08,-2.8856,-40.12,85.98,55,80,16.93
95,Norman Wells,CA,2022-11-19 18:06:08,65.282,-126.8329,21.24,94,100,3.6
96,Cheney,US,2022-11-19 18:04:18,47.4874,-117.5758,25.25,74,0,10.36
97,Calbuco,CL,2022-11-19 18:06:10,-41.768,-73.1273,54.61,90,100,4.99
98,Santa Rosa,PH,2022-11-19 18:06:10,14.3122,121.1114,77.09,96,100,3.38
99,Cape Town,ZA,2022-11-19 17:57:57,-33.9258,18.4232,65.26,64,20,12.66
100,Albany,US,2022-11-19 18:00:29,42.6001,-73.9662,39.38,54,25,1.01
101,Medicine Hat,CA,2022-11-19 18:05:18,50.0501,-110.6683,28.72,69,50,11.36
102,Dedougou,BF,2022-11-19 18:06:11,12.4667,-3.4667,84.27,20,50,3.38
103,Hilo,US,2022-11-19 18:06:12,19.7297,-155.09,75.25,88,75,3.44
104,Ponta Do Sol,PT,2022-11-19 18:06:12,32.6667,-17.1,66.83,64,81,7.54
105,Kovdor,RU,2022-11-19 18:06:13,67.5662,30.4758,15.87,98,78,4.0
106,Imamoglu,TR,2022-11-19 18:06:13,37.2651,35.6572,63.63,68,8,3.0
107,Tuktoyaktuk,CA,2022-11-19 18:06:14,69.4541,-133.0374,23.88,95,100,13.73
108,Port Hedland,AU,2022-11-19 18:06:14,-20.3167,118.5667,78.48,53,98,7.2
109,Riyadh,SA,2022-11-19 18:04:33,24.6877,46.7219,69.94,49,19,15.77
110,Petropavlovsk-Kamchatskiy,RU,2022-11-19 18:06:15,53.0452,158.6483,15.53,72,22,9.1
111,Hailey,US,2022-11-19 18:06:15,43.5196,-114.3153,24.89,63,0,8.05
112,Paris,FR,2022-11-19 18:04:04,48.8534,2.3488,49.1,86,75,4.61
113,Aripuana,BR,2022-11-19 18:03:14,-9.1667,-60.6333,81.54,72,100,2.64
114,Nasirabad,IN,2022-11-19 18:06:16,26.3,74.7333,64.74,32,1,5.26
115,Aklavik,CA,2022-11-19 18:06:17,68.2191,-135.0107,30.2,100,100,2.3
116,Gazimurskiy Zavod,RU,2022-11-19 18:06:17,51.5461,118.3266,11.79,94,100,6.44
117,Yangjiang,CN,2022-11-19 18:04:43,21.85,111.9667,72.43,86,100,3.15
118,Charters Towers,AU,2022-11-19 18:06:18,-20.1,146.2667,75.38,84,32,12.55
119,Bathsheba,BB,2022-11-19 18:06:18,13.2167,-59.5167,86.61,66,40,21.85
120,Nalut,LY,2022-11-19 18:06:19,30.3333,10.85,69.67,17,96,10.98
121,Khatanga,RU,2022-11-19 18:06:19,71.9667,102.5,-35.27,99,100,1.12
122,Choma,ZM,2022-11-19 18:06:19,-16.8065,26.9531,74.19,20,2,4.05
123,Den Helder,NL,2022-11-19 18:06:20,52.9599,4.7593,35.98,75,1,10.36
124,Praia Da Vitoria,PT,2022-11-19 18:06:20,38.7333,-27.0667,66.76,83,60,8.28
125,Salinopolis,BR,2022-11-19 18:06:21,-0.6136,-47.3561,84.11,65,43,10.33
126,Sadon,RU,2022-11-19 18:06:21,42.8518,44.0037,45.36,79,40,8.46
127,Loughrea,IE,2022-11-19 18:06:21,53.1969,-8.5669,47.44,89,100,9.33
128,Port Alfred,ZA,2022-11-19 18:02:53,-33.5906,26.891,59.18,88,3,13.38
129,Inirida,CO,2022-11-19 18:06:22,3.8653,-67.9239,87.91,57,91,3.47
130,Atagay,RU,2022-11-19 18:06:22,55.1033,99.3875,9.72,93,21,3.87
131,Glendive,US,2022-11-19 18:06:23,47.1053,-104.7125,22.48,83,0,11.5
132,Ketchikan,US,2022-11-19 18:06:23,55.3422,-131.6461,40.39,59,100,4.79
133,Solano,US,2022-11-19 18:06:23,38.2333,-121.9511,60.22,24,0,20.71
134,Hambantota,LK,2022-11-19 18:02:51,6.1241,81.1185,78.57,82,98,4.41
135,Hithadhoo,MV,2022-11-19 18:01:44,-0.6,73.0833,80.85,79,25,9.37
136,Butaritari,KI,2022-11-19 18:01:45,3.0707,172.7902,80.53,78,81,18.54
137,Slave Lake,CA,2022-11-19 18:07:24,55.2834,-114.769,33.78,32,0,24.16
138,Broome,US,2022-11-19 18:07:25,42.2506,-75.833,33.46,56,75,12.66
139,Gouyave,GD,2022-11-19 18:07:25,12.1646,-61.7296,80.08,78,7,17.94
140,Mindelo,CV,2022-11-19 18:07:25,16.8901,-24.9804,78.35,61,75,25.32
141,Saint-Augustin,CA,2022-11-19 18:07:26,51.226,-58.6502,27.81,84,73,7.78
142,Dumas,US,2022-11-19 18:07:27,35.8656,-101.9732,40.6,19,0,9.22
143,Sao Joao Da Barra,BR,2022-11-19 18:07:27,-21.6403,-41.0511,78.89,59,88,12.68
144,Pisco,PE,2022-11-19 18:07:28,-13.7,-76.2167,70.02,73,0,11.5
145,Axim,GH,2022-11-19 18:07:28,4.8699,-2.2405,79.74,78,76,7.29
146,Hasaki,JP,2022-11-19 18:07:29,35.7333,140.8333,51.22,55,95,11.52
147,Husavik,IS,2022-11-19 18:07:29,66.0449,-17.3389,45.12,78,98,25.14
148,Sorada,IN,2022-11-19 18:07:29,19.75,84.4333,61.95,64,68,3.76
149,Constitucion,CL,2022-11-19 18:01:43,-35.3333,-72.4167,66.07,58,30,17.83
150,Atar,MR,2022-11-19 18:07:30,20.5169,-13.0499,78.53,29,1,13.11
151,Belaya Gora,RU,2022-11-19 18:07:31,68.5333,146.4167,-28.21,100,81,3.53
152,Verkhoshizhemye,RU,2022-11-19 18:07:31,58.011,49.1038,14.88,80,6,5.77
153,Talnakh,RU,2022-11-19 18:07:32,69.4865,88.3972,-2.76,99,100,4.85
154,Haines Junction,CA,2022-11-19 18:07:32,60.7522,-137.5108,16.84,83,100,1.16
155,Clyde River,CA,2022-11-19 18:07:33,70.4692,-68.5914,-18.29,94,38,2.19
156,Tuatapere,NZ,2022-11-19 18:07:33,-46.1333,167.6833,51.98,94,49,2.19
157,Kodiak,US,2022-11-19 18:07:33,57.79,-152.4072,44.11,87,100,27.63
158,Ust-Tsilma,RU,2022-11-19 18:07:34,65.441,52.1498,25.61,91,100,13.4
159,Lazaro Cardenas,MX,2022-11-19 18:07:34,17.9583,-102.2,84.18,61,90,4.38
160,Pevek,RU,2022-11-19 18:02:50,69.7008,170.3133,-9.72,96,100,2.17
161,Upernavik,GL,2022-11-19 18:07:35,72.7868,-56.1549,12.99,87,85,12.15
162,Kozhva,RU,2022-11-19 18:07:35,65.1073,57.0459,23.22,95,100,10.49
163,Jardim,BR,2022-11-19 18:04:33,-21.4803,-56.1381,101.1,17,0,5.3
164,Longyan,CN,2022-11-19 18:07:36,25.1072,117.0225,67.69,91,93,1.92
165,Okhotsk,RU,2022-11-19 18:07:36,59.3833,143.3,2.26,74,64,8.3
166,Dunedin,NZ,2022-11-19 18:07:36,-45.8742,170.5036,52.81,94,100,1.63
167,Safranbolu,TR,2022-11-19 18:07:37,41.2508,32.6942,56.88,69,64,2.08
168,Agadez,NE,2022-11-19 18:07:37,19.75,10.25,69.1,16,84,4.61
169,Lavrentiya,RU,2022-11-19 18:07:38,65.5833,-171.0,22.15,91,100,5.28
170,Tiznit,MA,2022-11-19 18:07:38,29.5833,-9.5,65.48,60,19,2.17
171,Tiksi,RU,2022-11-19 18:07:39,71.6872,128.8694,-8.7,96,100,5.26
172,Kungurtug,RU,2022-11-19 18:07:39,50.5994,97.5228,-0.74,95,67,1.41
173,Byron Bay,AU,2022-11-19 18:07:39,-28.65,153.6167,68.94,87,5,15.66
174,Barrow,US,2022-11-19 18:02:06,71.2906,-156.7887,26.62,74,100,21.85
175,Tasiilaq,GL,2022-11-19 18:07:40,65.6145,-37.6368,35.76,70,100,12.55
176,Tazovskiy,RU,2022-11-19 18:07:40,67.4667,78.7,-24.7,100,90,4.81
177,Monrovia,LR,2022-11-19 18:07:41,6.3005,-10.7969,80.01,73,100,5.48
178,Anadyr,RU,2022-11-19 18:07:41,64.75,177.4833,-18.26,99,67,6.51
179,Chimbote,PE,2022-11-19 18:06:02,-9.0853,-78.5783,68.5,72,93,9.15
180,Ouegoa,NC,2022-11-19 18:07:42,-20.35,164.4333,73.53,83,34,5.97
181,Fuzhou,CN,2022-11-19 18:08:42,26.0614,119.3061,66.16,94,51,0.74
182,Port Lincoln,AU,2022-11-19 18:02:51,-34.7333,135.8667,55.06,69,18,20.18
183,Yuli,NG,2022-11-19 18:08:43,9.6989,10.2744,81.57,27,4,4.59
184,Ucluelet,CA,2022-11-19 18:08:43,48.9329,-125.5528,44.17,45,84,4.7
185,Bowmore,US,2022-11-19 18:08:44,34.9421,-79.3031,58.89,40,0,5.75
186,Geraldton,AU,2022-11-19 18:08:44,-28.7667,114.6,54.01,87,0,9.22
187,Lompoc,US,2022-11-19 18:08:44,34.6391,-120.4579,70.84,43,0,4.61
188,Havre-Saint-Pierre,CA,2022-11-19 18:08:45,50.2334,-63.5986,28.24,70,50,17.49
189,Mubi,NG,2022-11-19 18:08:45,10.2676,13.2644,77.65,27,2,5.32
190,Poso,ID,2022-11-19 18:08:46,-1.3959,120.7524,77.86,80,100,3.65
191,Port Hawkesbury,CA,2022-11-19 18:08:46,45.6169,-61.3485,41.79,57,18,10.0
192,Hohhot,CN,2022-11-19 18:08:47,40.8106,111.6522,36.05,49,75,3.6
193,Chokurdakh,RU,2022-11-19 18:08:47,70.6333,147.9167,-8.48,96,100,12.5
194,Miramar,US,2022-11-19 18:08:47,25.9873,-80.2323,82.0,67,75,16.11
195,Katsuura,JP,2022-11-19 18:08:48,35.1333,140.3,59.09,66,100,13.49
196,Imbituba,BR,2022-11-19 18:08:48,-28.24,-48.6703,74.91,64,7,18.1
197,Ola,RU,2022-11-19 18:08:49,59.5833,151.2833,-2.16,83,42,6.93
198,Methven,NZ,2022-11-19 18:08:49,-43.6333,171.65,52.02,99,98,1.9
199,Anshun,CN,2022-11-19 18:08:50,26.25,105.9333,54.37,82,44,3.96
200,Livingston,GB,2022-11-19 18:08:50,55.9029,-3.5226,44.89,89,75,6.91
201,Abu Samrah,SY,2022-11-19 18:08:50,35.3029,37.1841,62.8,55,0,4.72
202,Yangmei,CN,2022-11-19 18:08:51,24.1023,112.5618,60.13,84,32,4.32
203,Hami,CN,2022-11-19 18:08:51,42.8,93.45,37.98,44,100,4.79
204,Parkes,AU,2022-11-19 18:08:52,-33.1333,148.1833,62.35,82,43,14.18
205,Copiapo,CL,2022-11-19 18:08:52,-27.3667,-70.3333,65.89,36,2,12.1
206,Papetoai,PF,2022-11-19 18:08:53,-17.4961,-149.8729,72.99,82,99,2.64
207,Kanigiri,IN,2022-11-19 18:08:53,15.4,79.5167,67.37,65,90,4.52
208,Parrita,CR,2022-11-19 18:08:53,9.5201,-84.3225,82.83,73,14,6.17
209,Udachnyy,RU,2022-11-19 18:08:54,66.4167,112.4,-14.84,97,36,6.22
210,Kyrksaeterora,NO,2022-11-19 18:08:54,63.2906,9.0891,32.85,51,0,5.19
211,Carnarvon,AU,2022-11-19 18:08:55,-24.8667,113.6333,66.27,62,0,24.92
212,Kattivakkam,IN,2022-11-19 18:08:55,13.2167,80.3167,77.09,68,99,11.16
213,Lhokseumawe,ID,2022-11-19 18:08:55,5.1801,97.1507,79.41,82,100,3.11
214,Keti Bandar,PK,2022-11-19 18:08:56,24.1447,67.4497,78.78,68,0,5.99
215,Gobo,JP,2022-11-19 18:08:56,33.8833,135.15,56.89,64,1,6.82
216,Chara,RU,2022-11-19 18:08:57,56.9064,118.2631,-0.4,87,100,1.32
217,Taltal,CL,2022-11-19 18:08:57,-25.4,-70.4833,65.91,73,28,4.0
218,Batsfjord,NO,2022-11-19 18:08:57,70.6345,29.7185,37.18,80,89,9.22
219,Merauke,ID,2022-11-19 18:02:05,-8.4667,140.3333,79.81,89,100,10.78
220,Matola,MZ,2022-11-19 18:06:16,-25.9622,32.4589,75.92,77,85,13.96
221,Kavaratti,IN,2022-11-19 18:08:58,10.5669,72.642,80.83,58,25,2.66
222,Bairiki,KI,2022-11-19 18:08:58,1.3292,172.9752,80.37,73,81,17.22
223,Ahipara,NZ,2022-11-19 18:08:59,-35.1667,173.1667,60.58,91,32,12.62
224,Meulaboh,ID,2022-11-19 18:07:19,4.1363,96.1285,76.44,89,100,4.36
225,Winneba,GH,2022-11-19 18:09:00,5.3511,-0.6231,80.37,77,62,9.48
226,Vila Franca Do Campo,PT,2022-11-19 18:10:00,37.7167,-25.4333,66.2,77,12,7.4
227,Kropotkin,RU,2022-11-19 18:10:00,45.4375,40.5756,58.86,73,100,9.15
228,Manacapuru,BR,2022-11-19 18:10:01,-3.2997,-60.6206,89.85,52,58,1.32
229,Arraial Do Cabo,BR,2022-11-19 18:10:01,-22.9661,-42.0278,76.86,53,40,8.05
230,Saint George,US,2022-11-19 18:10:02,37.1041,-113.5841,45.43,35,0,5.01
231,High Level,CA,2022-11-19 18:05:08,58.5169,-117.136,20.16,70,100,3.65
232,Merrill,US,2022-11-19 18:10:04,45.1805,-89.6835,19.89,59,100,11.5
233,Ostrovnoy,RU,2022-11-19 18:10:05,68.0531,39.5131,27.52,87,97,13.15
234,Humboldt,US,2022-11-19 18:07:04,40.6665,-123.9178,46.94,23,50,1.72
235,Korla,CN,2022-11-19 18:02:03,41.7597,86.1469,38.23,46,100,5.17
236,Hamilton,US,2022-11-19 18:08:48,39.1834,-84.5333,35.04,47,0,17.27
237,Kogon,UZ,2022-11-19 18:10:06,39.7228,64.5517,51.84,76,0,4.61
238,Isangel,VU,2022-11-19 18:02:55,-19.55,169.2667,77.18,83,69,1.7
239,Walvis Bay,NA,2022-11-19 18:10:06,-22.9575,14.5053,61.09,67,90,20.2
240,Sioux Lookout,CA,2022-11-19 18:10:07,50.1001,-91.917,5.07,72,75,12.66
241,Benesov Nad Ploucnici,CZ,2022-11-19 18:10:07,50.7416,14.3124,29.08,90,21,3.0
242,Goderich,CA,2022-11-19 18:10:08,43.7501,-81.7165,29.91,78,100,26.57
243,Fortuna,US,2022-11-19 18:10:08,40.5982,-124.1573,55.74,70,0,10.36
244,Sampit,ID,2022-11-19 18:10:09,-2.5333,112.95,73.36,99,100,1.68
245,Menomonie,US,2022-11-19 18:10:09,44.8755,-91.9193,19.78,86,100,17.27
246,Mackay,AU,2022-11-19 18:10:10,-21.15,149.2,79.68,83,40,14.65
247,Soyo,AO,2022-11-19 18:10:10,-6.1349,12.3689,78.51,78,83,9.84
248,Port Hardy,CA,2022-11-19 18:05:45,50.6996,-127.4199,41.77,53,100,6.49
249,Kholm,RU,2022-11-19 18:10:11,59.2667,32.85,22.35,76,58,7.87
250,Bac Lieu,VN,2022-11-19 18:10:11,9.285,105.7244,74.62,90,100,5.79
251,Aitape,PG,2022-11-19 18:10:12,-3.1374,142.3475,77.5,89,96,3.09
252,Mount Gambier,AU,2022-11-19 18:10:12,-37.8333,140.7667,48.6,90,84,13.0
253,Flin Flon,CA,2022-11-19 18:10:13,54.7682,-101.865,13.03,90,100,9.4
254,Esperance,AU,2022-11-19 18:10:13,-33.8667,121.9,57.11,73,47,16.8
255,Zomin,UZ,2022-11-19 18:10:14,39.9606,68.3958,50.0,55,8,6.22
256,Santa Cruz Del Sur,CU,2022-11-19 18:10:15,20.7147,-77.9956,86.32,59,76,12.8
257,San Patricio,US,2022-11-19 18:10:15,28.017,-97.5169,49.87,85,100,19.98
258,Tirumullaivasal,IN,2022-11-19 18:10:16,11.2333,79.8333,77.4,72,100,14.03
259,Nishihara,JP,2022-11-19 18:10:16,26.1842,127.7558,73.45,91,40,2.3
260,Luz,BR,2022-11-19 18:10:17,-19.8014,-45.6856,83.14,45,81,5.46
261,Matara,LK,2022-11-19 18:02:49,5.9485,80.5353,75.51,87,89,4.99
262,Vetovo,BG,2022-11-19 18:10:18,43.7,26.2667,57.29,56,81,8.55
263,Tual,ID,2022-11-19 18:10:18,-5.6667,132.75,84.24,69,100,4.23
264,Severo-Kurilsk,RU,2022-11-19 18:02:03,50.6789,156.125,33.03,71,78,11.61
265,Fare,PF,2022-11-19 18:10:19,-16.7,-151.0167,76.87,80,76,3.8
266,Buala,SB,2022-11-19 18:10:19,-8.145,159.5921,80.82,79,94,5.61
267,Ilhabela,BR,2022-11-19 18:10:20,-23.7781,-45.3581,74.12,64,11,10.74
268,Mayo,US,2022-11-19 18:05:42,38.8876,-76.5119,47.21,45,0,10.0
269,Ewa Beach,US,2022-11-19 18:10:20,21.3156,-158.0072,78.85,73,0,5.75
270,Maniitsoq,GL,2022-11-19 18:10:21,65.4167,-52.9,23.09,81,58,11.48
271,Aksu,CN,2022-11-19 18:10:21,41.1231,80.2644,37.36,36,65,1.61
272,Pringsewu,ID,2022-11-19 18:11:22,-5.3582,104.9744,72.19,96,91,3.58
273,Lubango,AO,2022-11-19 18:11:22,-14.9172,13.4925,65.26,79,93,1.86
274,Koumac,NC,2022-11-19 18:11:23,-20.5667,164.2833,72.79,80,19,8.3
275,Sucha Beskidzka,PL,2022-11-19 18:11:23,49.7419,19.5943,27.77,90,63,4.0
276,Yinchuan,CN,2022-11-19 18:11:24,38.4681,106.2731,42.03,27,4,3.36
277,Mayumba,GA,2022-11-19 18:11:24,-3.432,10.6554,77.99,86,98,10.36
278,Opuwo,NA,2022-11-19 18:11:25,-18.0607,13.84,83.28,28,100,11.23
279,Lochgilphead,GB,2022-11-19 18:11:25,56.038,-5.4321,46.35,81,100,16.53
280,Minggang,CN,2022-11-19 18:11:26,32.4586,114.0486,54.64,79,1,3.98
281,Kruisfontein,ZA,2022-11-19 18:11:26,-34.0033,24.7314,60.89,86,0,8.28
282,Sao Filipe,CV,2022-11-19 18:11:27,14.8961,-24.4956,79.0,64,74,14.79
283,Katherine,AU,2022-11-19 18:11:27,-14.4667,132.2667,79.12,89,100,0.0
284,Sitka,US,2022-11-19 18:11:27,57.0531,-135.33,46.29,66,100,27.63
285,Beloha,MG,2022-11-19 18:11:28,-25.1667,45.05,75.29,64,28,3.83
286,Itarema,BR,2022-11-19 18:11:28,-2.9248,-39.9167,85.51,55,79,15.68
287,Saskylakh,RU,2022-11-19 18:02:46,71.9167,114.0833,-18.45,100,96,2.3
288,Boueni,YT,2022-11-19 18:11:29,-12.9025,45.0761,78.78,79,2,8.63
289,Niquero,CU,2022-11-19 18:11:29,20.0431,-77.5828,84.34,64,48,2.59
290,Vallenar,CL,2022-11-19 18:11:30,-28.5708,-70.7581,83.93,35,1,12.48
291,Fort-Shevchenko,KZ,2022-11-19 18:11:30,44.5086,50.263,51.03,76,56,8.99
292,Sambava,MG,2022-11-19 18:11:30,-14.2667,50.1667,73.9,77,8,1.95
293,Palu,ID,2022-11-19 18:11:31,-0.8917,119.8707,76.55,84,97,2.42
294,Podporozhye,RU,2022-11-19 18:11:31,60.9112,34.1706,20.68,89,6,6.82
295,Balatonfured,HU,2022-11-19 18:11:32,46.9619,17.8719,38.35,77,100,10.0
296,Grenfell,AU,2022-11-19 18:11:32,-33.9,148.1667,58.23,86,55,14.61
297,Pochutla,MX,2022-11-19 18:11:33,15.7432,-96.4661,89.82,57,36,5.48
298,Tias,ES,2022-11-19 18:11:33,28.9611,-13.645,69.48,56,75,23.02
299,Eurajoki,FI,2022-11-19 18:11:33,61.2,21.7333,26.62,77,22,8.19
300,Leninskoye,KZ,2022-11-19 18:11:34,41.7589,69.3864,45.54,76,6,6.02
301,Maridi,SS,2022-11-19 18:11:34,4.9158,29.4742,74.7,66,99,4.14
302,Bazaliya,UA,2022-11-19 18:11:35,49.7127,26.4733,14.14,92,85,2.77
303,Salalah,OM,2022-11-19 18:11:35,17.0151,54.0924,77.09,69,0,3.44
304,Sokoni,TZ,2022-11-19 18:11:35,-6.4333,39.55,78.66,81,80,9.93
305,Ulaanbaatar,MN,2022-11-19 18:11:36,47.9077,106.8832,-18.27,76,0,0.0
306,Garowe,SO,2022-11-19 18:11:36,8.4054,48.4845,77.04,72,92,16.33
307,Tucuman,AR,2022-11-19 18:11:37,-26.8241,-65.2226,100.4,25,75,13.8
308,Luderitz,NA,2022-11-19 18:11:37,-26.6481,15.1594,68.05,53,90,27.76
309,Watsa,CD,2022-11-19 18:11:37,3.0372,29.5355,64.51,95,97,2.37
310,Sal Rei,CV,2022-11-19 18:11:38,16.1833,-22.9167,79.0,69,75,19.57
311,Ginir,ET,2022-11-19 18:11:38,7.1333,40.7,58.14,51,4,3.18
312,Arrecife,ES,2022-11-19 18:11:39,28.963,-13.5477,71.58,56,75,23.02
313,Sisophon,KH,2022-11-19 18:11:39,13.5859,102.9737,75.81,88,99,3.8
314,Atkarsk,RU,2022-11-19 18:11:39,51.8718,45.0078,32.94,85,100,12.1
315,Grand Gaube,MU,2022-11-19 18:02:04,-20.0064,57.6608,71.38,71,33,3.0
316,Santa Cruz De La Palma,ES,2022-11-19 18:11:40,28.6835,-17.7642,71.74,64,75,18.41
317,Uramita,CO,2022-11-19 18:11:41,6.8994,-76.1742,83.01,67,83,4.74
318,Ayorou,NE,2022-11-19 18:11:41,14.7308,0.9174,84.27,16,32,8.03
319,Chuy,UY,2022-11-19 18:11:41,-33.6971,-53.4616,81.07,51,66,13.04
320,Ruthin,GB,2022-11-19 18:11:42,53.1137,-3.3178,46.42,86,100,5.66
321,Itororo,BR,2022-11-19 18:12:42,-15.1169,-40.0703,78.6,75,100,6.29
322,Bubaque,GW,2022-11-19 18:12:43,11.2833,-15.8333,85.8,47,89,10.38
323,Robertsport,LR,2022-11-19 18:12:43,6.7533,-11.3686,80.31,69,94,7.74
324,Inhambane,MZ,2022-11-19 18:12:43,-23.865,35.3833,79.23,74,36,14.83
325,Denison,US,2022-11-19 18:12:44,33.7557,-96.5367,41.23,49,100,5.01
326,Surt,LY,2022-11-19 18:12:44,31.2089,16.5887,76.68,33,51,8.79
327,Prestea,GH,2022-11-19 18:12:45,5.4327,-2.1428,76.53,86,88,4.45
328,Guane,CU,2022-11-19 18:12:45,22.2025,-84.0875,85.01,59,97,13.51
329,Salta,AR,2022-11-19 18:12:46,-24.7859,-65.4117,92.57,27,2,13.8
330,Santa Fe,AR,2022-11-19 18:12:46,-31.6333,-60.7,98.02,29,92,4.0
331,Sur,OM,2022-11-19 18:12:47,22.5667,59.5289,77.22,60,0,1.25
332,Dingle,PH,2022-11-19 18:12:47,10.9995,122.6711,75.24,94,100,4.25
333,Mehamn,NO,2022-11-19 18:12:47,71.0357,27.8492,37.35,81,75,5.75
334,Dzhebariki-Khaya,RU,2022-11-19 18:12:48,62.2167,135.8,1.24,98,100,3.2
335,Bambous Virieux,MU,2022-11-19 18:12:48,-20.3428,57.7575,73.65,78,75,2.3
336,Prince Rupert,CA,2022-11-19 18:09:33,54.3161,-130.3201,39.67,68,100,7.99
337,Fairbanks,US,2022-11-19 18:11:42,64.8378,-147.7164,13.91,86,40,3.44
338,Adet,ET,2022-11-19 18:12:49,11.2644,37.4888,58.14,74,40,6.02
339,Lasa,IT,2022-11-19 18:12:49,46.6166,10.7002,43.68,86,82,6.04
340,Davila,PH,2022-11-19 18:12:50,18.4726,120.5763,79.36,79,100,7.27
341,Antofagasta,CL,2022-11-19 18:11:53,-23.65,-70.4,69.08,70,9,10.38
342,Asasa,ET,2022-11-19 18:12:50,7.1,39.2,55.15,69,74,2.17
343,Kondinskoye,RU,2022-11-19 18:12:51,59.6481,67.41,7.41,86,75,12.19
344,Nanortalik,GL,2022-11-19 18:12:51,60.1432,-45.2371,31.24,83,100,13.44
345,Ancud,CL,2022-11-19 18:12:52,-41.8697,-73.8203,50.16,88,100,9.66
346,Havelock,US,2022-11-19 18:12:52,34.8791,-76.9013,60.78,40,0,5.01
347,Carutapera,BR,2022-11-19 18:12:52,-1.195,-46.02,85.77,59,78,10.45
348,Cadereyta,MX,2022-11-19 18:10:09,25.5833,-99.9833,51.17,84,100,8.28
349,Vila Velha,BR,2022-11-19 18:09:18,-20.3297,-40.2925,76.95,66,20,18.41
350,Yar-Sale,RU,2022-11-19 18:12:53,66.8333,70.8333,-8.86,92,79,17.29
351,Camacha,PT,2022-11-19 18:12:54,33.0833,-16.3333,63.82,59,75,11.5
352,Tyumentsevo,RU,2022-11-19 18:12:54,53.3224,81.498,20.98,94,100,16.26
353,Ulladulla,AU,2022-11-19 18:12:55,-35.35,150.4667,65.3,73,73,9.37
354,Aksarka,RU,2022-11-19 18:12:55,66.5606,67.7975,-0.69,84,2,11.9
355,Chapeco,BR,2022-11-19 18:12:56,-27.0964,-52.6183,82.94,32,2,2.64
356,Manakara,MG,2022-11-19 18:12:56,-22.1333,48.0167,75.56,85,42,13.22
357,Takhatpur,IN,2022-11-19 18:12:57,22.15,81.8667,59.59,45,64,5.77
358,Dingzhou,CN,2022-11-19 18:12:57,38.5131,114.9956,47.48,72,61,3.76
359,Padang,ID,2022-11-19 18:12:58,-0.9492,100.3543,75.97,87,100,3.96
360,Bengkulu,ID,2022-11-19 18:12:58,-3.8004,102.2655,74.5,90,100,5.35
361,Iqaluit,CA,2022-11-19 18:12:59,63.7506,-68.5145,-4.27,76,40,18.01
362,San Cristobal,VE,2022-11-19 18:13:00,7.7669,-72.225,77.18,60,61,5.82
363,Gornopravdinsk,RU,2022-11-19 18:13:00,60.05,69.9,6.57,94,99,9.4
364,Yining,CN,2022-11-19 18:13:01,29.0361,114.5636,57.6,90,46,1.63
365,Poum,NC,2022-11-19 18:13:01,-20.2333,164.0167,75.81,77,22,13.85
366,Acapulco,MX,2022-11-19 18:12:53,16.8634,-99.8901,87.62,58,20,5.75
367,Puerto Carreno,CO,2022-11-19 18:13:02,6.189,-67.4859,88.05,59,57,7.0
368,Komsomolskiy,UZ,2022-11-19 18:14:02,40.4272,71.7189,45.32,87,100,0.0
369,Harper,LR,2022-11-19 18:14:03,4.375,-7.7169,79.0,77,30,5.53
370,West Bay,KY,2022-11-19 18:14:03,19.3667,-81.4167,87.87,73,20,14.97
371,Eureka,US,2022-11-19 18:11:04,40.8021,-124.1637,56.01,81,41,2.68
372,Kilindoni,TZ,2022-11-19 18:14:04,-7.9139,39.6668,79.43,78,91,11.63
373,Kefar Shemaryahu,IL,2022-11-19 18:14:05,32.1856,34.8219,68.18,53,0,10.36
374,Lindi,TZ,2022-11-19 18:14:05,-10.0,39.7167,76.66,80,81,5.5
375,Niles,US,2022-11-19 18:12:30,42.0189,-87.8028,27.27,67,100,16.11
376,Naze,JP,2022-11-19 18:14:06,28.3667,129.4833,68.92,86,87,2.66
377,Margate,GB,2022-11-19 18:14:06,51.3813,1.3862,49.3,89,95,1.01
378,Kununurra,AU,2022-11-19 18:14:07,-15.7667,128.7333,80.58,89,100,0.0
379,Mosetse,BW,2022-11-19 18:14:07,-20.75,26.65,88.21,19,9,4.99
380,Isla Mujeres,MX,2022-11-19 18:14:08,21.2311,-86.731,80.65,81,100,13.85
381,Kerouane,GN,2022-11-19 18:14:08,9.2667,-9.0167,76.48,39,95,3.15
382,Sisimiut,GL,2022-11-19 18:14:09,66.9395,-53.6735,21.29,93,95,11.77
383,Hailar,CN,2022-11-19 18:14:09,49.2,119.7,11.14,80,88,18.75
384,Sovetskiy,RU,2022-11-19 18:14:10,61.3614,63.5842,10.76,91,57,8.66
385,Chiria,IN,2022-11-19 18:14:10,22.3,85.2667,55.56,54,81,0.98
386,Faanui,PF,2022-11-19 18:14:11,-16.4833,-151.75,78.12,78,50,7.45
387,Darhan,MN,2022-11-19 18:14:11,49.4867,105.9228,8.65,88,71,5.26
388,Torbay,CA,2022-11-19 18:14:11,47.6666,-52.7314,41.29,82,75,9.22
389,Morondava,MG,2022-11-19 18:14:12,-20.2833,44.2833,80.98,73,0,9.1
390,Maldonado,UY,2022-11-19 18:12:16,-34.6667,-54.9167,83.23,32,27,14.92
391,Sao Domingos,BR,2022-11-19 18:14:12,-13.3983,-46.3183,79.14,63,99,7.11
392,Chicama,PE,2022-11-19 18:14:13,-7.8447,-79.1469,64.94,59,78,10.33
393,Nemuro,JP,2022-11-19 18:14:13,43.3236,145.575,42.33,63,86,3.11
394,Qaqortoq,GL,2022-11-19 18:14:14,60.7167,-46.0333,25.7,81,100,5.5
395,Nome,US,2022-11-19 18:14:14,64.5011,-165.4064,33.87,86,100,0.0
396,Akcaabat,TR,2022-11-19 18:14:15,41.0212,39.5715,64.27,63,75,4.61
397,Baker City,US,2022-11-19 18:14:15,44.7749,-117.8344,26.31,79,0,0.0
398,Yakeshi,CN,2022-11-19 18:14:15,49.2833,120.7333,12.76,90,100,19.13
399,Jalalpur Pirwala,PK,2022-11-19 18:14:16,29.5069,71.2192,67.23,28,42,8.23
400,Erenhot,CN,2022-11-19 18:14:16,43.6475,111.9767,23.02,35,88,4.32
401,Severnyy,RU,2022-11-19 18:14:17,50.677,36.5532,33.84,93,100,15.66
402,Misratah,LY,2022-11-19 18:14:17,32.3754,15.0925,77.02,41,66,12.64
403,Vitim,RU,2022-11-19 18:12:17,59.4511,112.5578,-12.59,98,98,3.91
404,Motygino,RU,2022-11-19 18:14:18,58.1831,94.7592,0.7,99,95,3.06
405,Comodoro Rivadavia,AR,2022-11-19 18:12:45,-45.8667,-67.5,67.86,28,0,20.71
406,Wewak,PG,2022-11-19 18:14:19,-3.5534,143.6268,79.14,78,78,2.17
407,Kalabo,ZM,2022-11-19 18:14:19,-14.97,22.6814,83.32,26,10,4.94
408,Koslan,RU,2022-11-19 18:14:19,63.4564,48.8989,11.77,91,50,7.16
409,Kailua,US,2022-11-19 18:14:20,21.4022,-157.7394,78.91,82,22,3.0
410,Juneau,US,2022-11-19 18:14:20,58.3019,-134.4197,34.21,94,100,9.22
411,Port Blair,IN,2022-11-19 18:14:21,11.6667,92.75,78.84,83,20,2.3
412,Hay River,CA,2022-11-19 18:15:21,60.8156,-115.7999,17.58,57,75,5.75
413,Kaeo,NZ,2022-11-19 18:15:21,-35.1,173.7833,59.32,95,35,9.06
414,Acari,PE,2022-11-19 18:15:22,-15.4311,-74.6158,79.77,45,30,12.17
415,Flinders,AU,2022-11-19 18:15:23,-34.5833,150.8552,64.38,86,53,4.0
416,Ishigaki,JP,2022-11-19 18:15:23,24.3448,124.1572,73.53,88,5,5.75
417,Mana,GF,2022-11-19 18:15:24,5.6592,-53.7767,82.15,76,99,8.79
418,Xuddur,SO,2022-11-19 18:15:24,4.1213,43.8894,81.09,41,1,9.33
419,Clonakilty,IE,2022-11-19 18:15:24,51.6231,-8.8706,51.01,84,87,15.5
420,Aranos,NA,2022-11-19 18:15:25,-24.1333,19.1167,83.97,24,90,7.05
421,Beidao,CN,2022-11-19 18:15:25,34.5686,105.8933,47.21,82,68,5.26
422,San Borja,BO,2022-11-19 18:15:26,-14.8167,-66.85,102.11,24,38,6.55
423,Lagoa,PT,2022-11-19 18:15:26,39.05,-27.9833,63.95,90,98,21.21
424,Sinnamary,GF,2022-11-19 18:15:27,5.3833,-52.95,85.06,63,96,9.08
425,Khao Wong,TH,2022-11-19 18:15:29,16.7001,104.0902,74.28,73,97,8.25
426,Bria,CF,2022-11-19 18:15:29,6.5423,21.9863,76.1,40,85,3.31
427,Fairmount,US,2022-11-19 18:15:30,43.0473,-76.2385,34.72,54,75,13.8
428,Santa Cruz,BO,2022-11-19 18:15:30,-17.8,-63.1667,95.05,49,20,19.57
429,Santa Isabel,BR,2022-11-19 18:15:31,-23.3156,-46.2214,80.31,45,5,13.15
430,Sakakah,SA,2022-11-19 18:15:31,29.9697,40.2064,60.37,52,0,9.73
431,Baykit,RU,2022-11-19 18:15:32,61.67,96.37,-13.86,100,99,2.35
432,Ibbenburen,DE,2022-11-19 18:15:32,52.2667,7.7333,29.79,85,0,2.3
433,Klaksvik,FO,2022-11-19 18:15:33,62.2266,-6.589,47.32,92,97,38.14
434,Sobradinho,BR,2022-11-19 18:15:33,-12.8333,-39.1,82.71,58,94,8.19
435,Hidrolandia,BR,2022-11-19 18:11:44,-4.4081,-40.4378,98.67,20,91,5.39
436,Nisia Floresta,BR,2022-11-19 18:15:33,-6.0911,-35.2086,86.81,59,87,12.3
437,Boguchany,RU,2022-11-19 18:15:34,58.3814,97.4531,5.04,99,89,3.09
438,Iralaya,HN,2022-11-19 18:15:34,15.0,-83.2333,81.14,82,99,11.03
439,Saint-Georges,GD,2022-11-19 18:15:35,12.0564,-61.7485,85.68,70,40,23.02
440,Freeport,US,2022-11-19 18:15:35,40.6576,-73.5832,41.38,46,0,19.57
441,Yago,MX,2022-11-19 18:15:36,21.8333,-105.0667,86.77,45,67,2.13
442,Iquique,CL,2022-11-19 18:15:36,-20.2208,-70.1431,71.64,69,20,5.84
443,Ouango,CF,2022-11-19 18:15:36,4.3133,22.5552,74.32,76,98,2.89
444,Namatanai,PG,2022-11-19 18:15:37,-3.6667,152.4333,79.34,79,56,8.05
445,Yerbogachen,RU,2022-11-19 18:15:37,61.2767,108.0108,-2.78,98,100,5.64
446,Nouakchott,MR,2022-11-19 18:15:38,18.0858,-15.9785,89.53,39,3,5.26
447,Zavitinsk,RU,2022-11-19 18:15:38,50.1167,129.45,27.0,96,100,17.92
448,Montrose,US,2022-11-19 18:15:38,38.4166,-108.2673,28.45,36,1,4.88
449,Vao,NC,2022-11-19 18:15:39,-22.6667,167.4833,71.67,68,38,8.99
450,Bonga,ET,2022-11-19 18:15:39,7.2833,36.2333,60.66,83,68,1.12
451,Bourges,FR,2022-11-19 18:15:40,47.25,2.4167,40.86,87,22,5.68
452,Susanville,US,2022-11-19 18:15:40,40.4163,-120.653,33.8,66,0,5.01
453,Paita,PE,2022-11-19 18:15:40,-5.0892,-81.1144,72.39,67,27,14.27
454,Coahuayana,MX,2022-11-19 18:15:41,18.7333,-103.6833,86.23,53,96,4.43
455,North Platte,US,2022-11-19 18:15:41,41.1239,-100.7654,33.69,48,0,14.97
456,Havoysund,NO,2022-11-19 18:15:42,70.9963,24.6622,35.83,78,22,9.78
457,Bilma,NE,2022-11-19 18:15:42,18.6853,12.9164,75.54,19,4,6.31
458,Hofn,IS,2022-11-19 18:15:42,64.2539,-15.2082,44.28,88,100,23.26
459,Codrington,AU,2022-11-19 18:15:43,-38.2667,141.9667,50.7,86,100,16.89
460,Weston,US,2022-11-19 18:14:21,26.1004,-80.3998,82.0,66,75,14.97
461,Te Anau,NZ,2022-11-19 18:16:43,-45.4167,167.7167,55.47,93,97,0.85
462,Khovu-Aksy,RU,2022-11-19 18:16:44,51.1333,93.6,3.83,94,100,3.83
463,Ensenada,MX,2022-11-19 18:16:45,31.8667,-116.6167,61.95,68,0,3.33
464,Ahuimanu,US,2022-11-19 18:16:45,21.4447,-157.8378,78.62,79,20,4.61
465,Poli,TZ,2022-11-19 18:16:46,-3.3333,36.8,62.02,90,91,5.39
466,Ust-Ilimsk,RU,2022-11-19 18:12:16,58.0006,102.6619,-1.86,97,47,3.6
467,Tonantins,BR,2022-11-19 18:16:46,-2.8731,-67.8022,93.92,43,60,3.78
468,Port Macquarie,AU,2022-11-19 18:16:47,-31.4333,152.9167,60.89,76,80,10.31
469,Bathurst,AU,2022-11-19 18:15:27,-33.4166,149.5806,58.96,96,60,3.0
470,Kamenka,RU,2022-11-19 18:16:47,51.3223,42.7678,33.6,95,100,17.6
471,Mar Del Plata,AR,2022-11-19 18:13:04,-38.0023,-57.5575,73.42,90,20,6.91
472,Gorontalo,ID,2022-11-19 18:16:48,0.5412,123.0595,75.54,91,100,1.43
473,Kumluca,TR,2022-11-19 18:16:48,36.3703,30.2869,65.8,78,33,5.3
474,Buncrana,IE,2022-11-19 18:16:48,55.1333,-7.45,43.09,92,100,20.71
475,Aljezur,PT,2022-11-19 18:16:49,37.3191,-8.8033,59.7,72,61,13.06
476,Bodmin,GB,2022-11-19 18:16:49,50.4715,-4.7243,49.51,76,75,8.05
477,River Falls,US,2022-11-19 18:16:50,44.8614,-92.6238,19.51,85,100,17.74
478,Champasak,LA,2022-11-19 18:16:50,14.75,106.0,73.42,81,99,0.65
479,Karaton,ID,2022-11-19 18:16:51,-6.3424,106.1045,74.57,91,58,4.83
480,Tura,IN,2022-11-19 18:16:51,25.5198,90.2201,61.83,56,41,3.47
481,Kohlu,PK,2022-11-19 18:16:52,29.8962,69.252,58.42,43,90,1.25
482,Vila,PT,2022-11-19 18:16:52,42.0304,-8.1588,41.88,93,100,3.85
483,Eastbourne,GB,2022-11-19 18:16:52,50.7687,0.2845,48.18,81,77,4.0
484,Saint Anthony,US,2022-11-19 18:15:28,45.0205,-93.218,18.01,63,100,21.85
485,Kutum,SD,2022-11-19 18:16:53,14.2,24.6667,68.5,17,6,10.18
486,George Town,MY,2022-11-19 18:16:53,5.4112,100.3354,78.89,96,40,3.44
487,Ulaangom,MN,2022-11-19 18:16:54,49.9811,92.0667,9.14,84,93,4.76
488,Teahupoo,PF,2022-11-19 18:16:54,-17.8333,-149.2667,67.96,82,98,15.32
489,Lanigan,CA,2022-11-19 18:16:55,51.8501,-105.0344,19.29,91,100,9.66
490,Vigia,BR,2022-11-19 18:16:55,-0.8583,-48.1417,82.54,72,54,11.86
491,Nombre De Dios,MX,2022-11-19 18:16:55,23.85,-104.2333,67.55,32,100,8.39
492,Jizan,SA,2022-11-19 18:16:56,17.3333,42.6667,85.14,72,23,3.96
493,Porto Novo,BJ,2022-11-19 18:16:56,6.4965,2.6036,78.62,75,84,7.38
494,Sibolga,ID,2022-11-19 18:16:57,1.7427,98.7792,74.61,91,100,1.03
495,La Ronge,CA,2022-11-19 18:15:29,55.1001,-105.2842,25.05,68,100,4.61
496,Nador,MA,2022-11-19 18:16:57,35.174,-2.9287,62.85,55,20,23.02
497,Lethem,GY,2022-11-19 18:16:58,3.3803,-59.7968,88.05,55,70,6.26
498,Valle De Allende,MX,2022-11-19 18:16:58,26.9333,-105.4,60.21,46,96,4.7
499,Oranjestad,AW,2022-11-19 18:16:59,12.524,-70.027,86.92,72,20,24.16
500,Aberdeen,GB,2022-11-19 18:16:19,57.1437,-2.0981,46.89,82,100,25.32
501,Vardo,NO,2022-11-19 18:16:59,70.3705,31.1107,37.38,65,100,12.66
502,Shu,KZ,2022-11-19 18:17:00,43.5983,73.7614,41.7,94,78,9.44
503,Evensk,RU,2022-11-19 18:17:00,61.95,159.2333,-8.88,78,17,7.2
504,Binzhou,CN,2022-11-19 18:17:01,37.3667,118.0167,49.5,89,18,5.12
505,Coquimbo,CL,2022-11-19 18:18:01,-29.9533,-71.3436,65.93,68,75,8.05
506,Zapolyarnyy,RU,2022-11-19 18:18:02,69.4154,30.8136,16.88,96,89,5.44
507,Namibe,AO,2022-11-19 18:18:02,-15.1961,12.1522,70.99,78,74,11.03
508,Samarai,PG,2022-11-19 18:18:03,-10.6167,150.6667,82.35,79,69,8.43
509,Puerto Escondido,MX,2022-11-19 18:18:03,15.85,-97.0667,85.82,59,36,5.88
510,Nailsea,GB,2022-11-19 18:18:04,51.4324,-2.7585,48.61,90,100,4.61
511,Songjianghe,CN,2022-11-19 18:18:05,42.1859,127.479,32.31,91,63,5.84
512,Saint Augustine,US,2022-11-19 18:18:05,29.8947,-81.3145,65.08,72,75,13.8
513,Gamba,GA,2022-11-19 18:18:06,-2.65,10.0,77.31,86,87,10.89
514,Bisert,RU,2022-11-19 18:18:06,56.8617,59.0523,6.19,97,25,0.34
515,Bay-Khaak,RU,2022-11-19 18:18:06,51.1667,94.5,1.96,95,100,2.8
516,Camabatela,AO,2022-11-19 18:18:07,-8.1881,15.375,64.4,95,86,1.99
517,Akyab,MM,2022-11-19 18:18:07,20.15,92.9,77.88,73,90,3.49
518,Seymchan,RU,2022-11-19 18:18:08,62.8833,152.4333,-33.41,93,35,1.14
519,Tabas,IR,2022-11-19 18:18:08,33.5959,56.9244,59.22,41,56,4.61
520,Necochea,AR,2022-11-19 18:18:09,-38.5473,-58.7368,74.35,66,11,11.65
521,Acajutla,SV,2022-11-19 18:18:09,13.5928,-89.8275,86.16,57,44,6.73
522,Tall Kayf,TR,2022-11-19 18:18:10,37.0833,41.0667,54.79,67,40,6.91
523,Ronneby,SE,2022-11-19 18:18:10,56.21,15.276,32.5,100,100,6.91
524,Baltati,RO,2022-11-19 18:18:11,47.2167,27.15,36.9,77,100,6.42
525,Dortyol,TR,2022-11-19 18:18:11,36.8616,36.2289,63.95,65,1,2.98
526,Chimore,BO,2022-11-19 18:18:12,-16.9833,-65.1333,103.59,22,30,8.37
527,Nieuw Amsterdam,SR,2022-11-19 18:18:12,5.8833,-55.0833,86.16,77,40,9.22
528,Westport,US,2022-11-19 18:15:38,41.1415,-73.3579,41.43,48,0,14.0
529,Stettler,CA,2022-11-19 18:18:13,52.3168,-112.7186,19.15,58,55,11.5
530,Fukue,JP,2022-11-19 18:18:13,32.6881,128.8419,65.43,76,48,6.49
531,Masterton,NZ,2022-11-19 18:18:14,-40.9597,175.6575,61.88,91,100,3.29
532,Bakchar,RU,2022-11-19 18:18:14,57.0186,82.0711,11.73,92,100,9.15
533,Moose Factory,CA,2022-11-19 18:18:14,51.2585,-80.6094,26.6,80,100,13.8
534,Waipawa,NZ,2022-11-19 18:18:15,-41.4122,175.5153,55.58,87,90,3.27
535,Olga,RU,2022-11-19 18:18:15,43.7444,135.2892,34.18,83,100,2.48
536,Liverpool,GB,2022-11-19 18:18:16,53.4106,-2.9779,46.35,85,0,5.75
537,Jasper,US,2022-11-19 18:18:16,37.2001,-94.3502,39.94,41,20,12.66
538,Newbridge,GB,2022-11-19 18:18:16,55.9333,-3.4,45.95,90,75,6.91
539,Ramhormoz,IR,2022-11-19 18:18:17,31.28,49.6035,68.34,61,94,6.6
540,Bull Savanna,JM,2022-11-19 18:18:17,17.8868,-77.5902,83.73,62,61,12.12
541,Tukrah,LY,2022-11-19 18:18:18,32.5341,20.5791,72.34,33,11,11.27
542,Ribeirao Branco,BR,2022-11-19 18:18:18,-24.2208,-48.7656,77.74,41,9,6.76
543,Grindavik,IS,2022-11-19 18:18:18,63.8424,-22.4338,44.55,81,100,28.77
544,Liepaja,LV,2022-11-19 18:18:19,56.5419,21.0367,21.18,86,20,8.05
545,Pedregal,PA,2022-11-19 18:18:19,8.3667,-82.4333,86.09,70,40,9.22
546,Ajdabiya,LY,2022-11-19 18:18:20,30.7554,20.2263,72.52,22,6,11.21
547,Osoyoos,CA,2022-11-19 18:15:27,49.0331,-119.4524,25.56,68,68,4.61
548,Baoning,CN,2022-11-19 18:18:21,25.3378,110.026,58.86,100,100,0.0
549,Vieira De Leiria,PT,2022-11-19 18:19:21,39.8695,-8.9324,57.47,94,40,1.14
550,Caruray,PH,2022-11-19 18:19:22,10.3094,119.0128,78.39,89,100,4.83
551,Olafsvik,IS,2022-11-19 18:19:22,64.8945,-23.7142,43.0,65,100,27.76
552,Tongren,CN,2022-11-19 18:19:23,27.7172,109.1853,56.57,88,59,0.47
553,Mahebourg,MU,2022-11-19 18:19:23,-20.4081,57.7,73.69,78,75,2.3
554,Carballo,ES,2022-11-19 18:19:24,43.213,-8.691,53.91,94,100,5.86
555,Hualmay,PE,2022-11-19 18:19:24,-11.0964,-77.6139,69.58,70,100,8.28
556,Rovinj,HR,2022-11-19 18:19:25,45.08,13.64,51.62,77,100,12.17
557,Omsukchan,RU,2022-11-19 18:19:25,62.5333,155.8,-17.46,75,13,2.66
558,San Quintin,MX,2022-11-19 18:19:25,30.4833,-115.95,64.33,42,0,3.51
